NOC,Year,Investment
USA,2005,2.149995700597712
USA,2006,2.5608457164116656
USA,2007,3.0284912798427346
USA,2008,3.5426004654585572
USA,2009,4.090947638016192
USA,2010,4.659888904429243
USA,2011,5.234918064953735
USA,2012,5.80127202001263
USA,2013,6.344551043566171
USA,2014,6.851318256550403
USA,2015,7.3096441167707304
USA,2016,7.709565661184
USA,2017,8.043436264839734
USA,2018,8.306149316159644
USA,2019,8.495227821862944
USA,2020,8.610780849016535
USA,2021,8.65533618404189
USA,2022,8.633565995548441
USA,2023,8.551928101521579
USA,2024,8.418249292937285
FRA,2005,1.6060608751074836
FRA,2006,2.050849333060704
FRA,2007,2.560495353278248
FRA,2008,3.123794839699417
FRA,2009,3.727318032050622
FRA,2010,4.355932330296713
FRA,2011,4.993424486169222
FRA,2012,5.623187041018051
FRA,2013,6.228929059919606
FRA,2014,6.795369304736874
FRA,2015,7.308871184750779
FRA,2016,7.757983029969395
FRA,2017,8.133854090411603
FRA,2018,8.43050558387078
FRA,2019,8.644946330312369
FRA,2020,8.777133159877827
FRA,2021,8.829786485789743
FRA,2022,8.80808038533765
FRA,2023,8.719233568159947
FRA,2024,8.572032269835214
BRA,2005,1.5581706550637886
BRA,2006,2.002959113017009
BRA,2007,2.512605133234553
BRA,2008,3.075904619655722
BRA,2009,3.679427812006927
BRA,2010,4.308042110253018
BRA,2011,4.945534266125527
BRA,2012,5.575296820974356
BRA,2013,6.181038839875911
BRA,2014,6.747479084693179
BRA,2015,7.260980964707084
BRA,2016,7.7100928099257
BRA,2017,8.085963870367909
BRA,2018,8.382615363827083
BRA,2019,8.597056110268674
BRA,2020,8.729242939834133
BRA,2021,8.781896265746049
BRA,2022,8.760190165293954
BRA,2023,8.671343348116253
BRA,2024,8.524142049791518
GRE,2005,1.301771831191303
GRE,2006,1.746560289144523
GRE,2007,2.2562063093620672
GRE,2008,2.819505795783236
GRE,2009,3.4230289881344413
GRE,2010,4.051643286380532
GRE,2011,4.689135442253042
GRE,2012,5.31889799710187
GRE,2013,5.924640016003425
GRE,2014,6.491080260820693
GRE,2015,7.004582140834598
GRE,2016,7.4536939860532145
GRE,2017,7.829565046495423
GRE,2018,8.126216539954598
GRE,2019,8.340657286396189
GRE,2020,8.472844115961646
GRE,2021,8.525497441873563
GRE,2022,8.503791341421469
GRE,2023,8.414944524243767
GRE,2024,8.267743225919034
GBR,2005,1.7283819066478614
GBR,2006,2.1731703646010816
GBR,2007,2.6828163848186257
GBR,2008,3.2461158712397946
GBR,2009,3.849639063591
GBR,2010,4.4782533618370906
GBR,2011,5.1157455177096
GBR,2012,5.745508072558429
GBR,2013,6.351250091459984
GBR,2014,6.917690336277252
GBR,2015,7.431192216291157
GBR,2016,7.880304061509773
GBR,2017,8.256175121951982
GBR,2018,8.552826615411156
GBR,2019,8.767267361852747
GBR,2020,8.899454191418204
GBR,2021,8.952107517330122
GBR,2022,8.930401416878027
GBR,2023,8.841554599700325
GBR,2024,8.694353301375592
ITA,2005,1.7109235361041257
ITA,2006,2.155711994057346
ITA,2007,2.66535801427489
ITA,2008,3.228657500696059
ITA,2009,3.832180693047264
ITA,2010,4.460794991293355
ITA,2011,5.098287147165864
ITA,2012,5.728049702014693
ITA,2013,6.333791720916248
ITA,2014,6.900231965733516
ITA,2015,7.413733845747421
ITA,2016,7.862845690966037
ITA,2017,8.238716751408246
ITA,2018,8.53536824486742
ITA,2019,8.749808991309012
ITA,2020,8.881995820874469
ITA,2021,8.934649146786386
ITA,2022,8.912943046334291
ITA,2023,8.82409622915659
ITA,2024,8.676894930831857
CAN,2005,1.8052066881001831
CAN,2006,2.2499951460534033
CAN,2007,2.7596411662709475
CAN,2008,3.3229406526921164
CAN,2009,3.9264638450433216
CAN,2010,4.555078143289412
CAN,2011,5.192570299161922
CAN,2012,5.82233285401075
CAN,2013,6.428074872912306
CAN,2014,6.9945151177295735
CAN,2015,7.5080169977434785
CAN,2016,7.957128842962095
CAN,2017,8.332999903404303
CAN,2018,8.629651396863478
CAN,2019,8.844092143305069
CAN,2020,8.976278972870528
CAN,2021,9.028932298782443
CAN,2022,9.007226198330349
CAN,2023,8.918379381152647
CAN,2024,8.771178082827912
POL,2005,1.525677734288613
POL,2006,1.9704661922418332
POL,2007,2.4801122124593773
POL,2008,3.043411698880546
POL,2009,3.6469348912317514
POL,2010,4.275549189477842
POL,2011,4.913041345350352
POL,2012,5.54280390019918
POL,2013,6.1485459191007354
POL,2014,6.714986163918003
POL,2015,7.228488043931908
POL,2016,7.677599889150525
POL,2017,8.053470949592732
POL,2018,8.350122443051909
POL,2019,8.564563189493498
POL,2020,8.696750019058957
POL,2021,8.749403344970872
POL,2022,8.72769724451878
POL,2023,8.638850427341076
POL,2024,8.491649129016343
UKR,2005,1.2437570195217003
UKR,2006,1.6885454774749205
UKR,2007,2.1981914976924646
UKR,2008,2.7614909841136335
UKR,2009,3.3650141764648387
UKR,2010,3.9936284747109294
UKR,2011,4.631120630583439
UKR,2012,5.2608831854322675
UKR,2013,5.866625204333823
UKR,2014,6.433065449151091
UKR,2015,6.946567329164996
UKR,2016,7.395679174383612
UKR,2017,7.7715502348258205
UKR,2018,8.068201728284995
UKR,2019,8.282642474726586
UKR,2020,8.414829304292045
UKR,2021,8.46748263020396
UKR,2022,8.445776529751866
UKR,2023,8.356929712574164
UKR,2024,8.20972841424943
GAB,2005,2.1988757981047904
GAB,2006,2.606291382085449
GAB,2007,3.069686670704005
GAB,2008,3.578817998636147
GAB,2009,4.121581583177691
GAB,2010,4.684484182309681
GAB,2011,5.2531923426319285
GAB,2012,5.813129606178307
GAB,2013,6.350087629529599
GAB,2014,6.8508161752327705
GAB,2015,7.303558447437009
GAB,2016,7.698502134166593
GAB,2017,8.02812246300982
GAB,2018,8.287401082496434
GAB,2019,8.47391303294661
GAB,2020,8.587782787182793
GAB,2021,8.631518638580339
GAB,2022,8.609741964638662
GAB,2023,8.528833584213265
GAB,2024,8.396523196402068
TLS,2005,1.5903089331676101
TLS,2006,2.0192456171034596
TLS,2007,2.5092743034765848
TLS,2008,3.049598264709741
TLS,2009,3.6273501563820165
TLS,2010,4.228092715210399
TLS,2011,4.836410011416642
TLS,2012,5.436556039068872
TLS,2013,6.013123198304164
TLS,2014,6.551691703703727
TLS,2015,7.039422283038697
TLS,2016,7.4655586030692955
TLS,2017,7.821812329667089
TLS,2018,8.102612049108895
TLS,2019,8.305206744776918
TLS,2020,8.429624352767606
TLS,2021,8.478495315275755
TLS,2022,8.456759280946772
TLS,2023,8.371279566484828
TLS,2024,8.230394275554836
CMR,2005,1.3631018220921334
CMR,2006,1.8078902800453536
CMR,2007,2.3175363002628977
CMR,2008,2.8808357866840666
CMR,2009,3.484358979035272
CMR,2010,4.1129732772813625
CMR,2011,4.750465433153872
CMR,2012,5.380227988002701
CMR,2013,5.985970006904256
CMR,2014,6.552410251721524
CMR,2015,7.065912131735429
CMR,2016,7.515023976954045
CMR,2017,7.890895037396254
CMR,2018,8.187546530855428
CMR,2019,8.40198727729702
CMR,2020,8.534174106862476
CMR,2021,8.586827432774394
CMR,2022,8.565121332322299
CMR,2023,8.476274515144597
CMR,2024,8.329073216819864
PLW,2005,1.0373526106429485
PLW,2006,1.4697321377675574
PLW,2007,1.958588839306032
PLW,2008,2.4927116644435583
PLW,2009,3.059003840207349
PLW,2010,3.643011305015053
PLW,2011,4.229529986710212
PLW,2012,4.80325671227212
PLW,2013,5.349445348172813
PLW,2014,5.854529439633023
PLW,2015,6.306675166289866
PLW,2016,6.6962336285076205
PLW,2017,7.01606885966291
PLW,2018,7.261746878944731
PLW,2019,7.431580791947939
PLW,2020,7.526536604925981
PLW,2021,7.55001326955425
PLW,2022,7.507517850423088
PLW,2023,7.406262102416775
PLW,2024,7.254709856755688
AFG,2005,2.169121729550504
AFG,2006,2.6139101875037243
AFG,2007,3.1235562077212684
AFG,2008,3.6868556941424373
AFG,2009,4.2903788864936425
AFG,2010,4.918993184739733
AFG,2011,5.556485340612243
AFG,2012,6.186247895461071
AFG,2013,6.791989914362627
AFG,2014,7.358430159179894
AFG,2015,7.8719320391937995
AFG,2016,8.321043884412415
AFG,2017,8.696914944854624
AFG,2018,8.993566438313799
AFG,2019,9.20800718475539
AFG,2020,9.340194014320847
AFG,2021,9.392847340232764
AFG,2022,9.37114123978067
AFG,2023,9.282294422602968
AFG,2024,9.135093124278235
CPV,2005,1.3480420035230694
CPV,2006,1.7860108673579385
CPV,2007,2.284231671547893
CPV,2008,2.8314964978979287
CPV,2009,3.414558586448451
CPV,2010,4.018658242526239
CPV,2011,4.628136832242814
CPV,2012,5.227103695093682
CPV,2013,5.800116874899444
CPV,2014,6.332837529500799
CPV,2015,6.812619819298793
CPV,2016,7.229002825421612
CPV,2017,7.574078193865859
CPV,2018,7.842716121169098
CPV,2019,8.03264222544239
CPV,2020,8.144367951207165
CPV,2021,8.180986617047944
CPV,2022,8.147855300568263
CPV,2023,8.05218888927221
CPV,2024,7.902596434507486
LAO,2005,1.3249466730709827
LAO,2006,1.7697351310242029
LAO,2007,2.279381151241747
LAO,2008,2.842680637662916
LAO,2009,3.446203830014121
LAO,2010,4.074818128260212
LAO,2011,4.712310284132721
LAO,2012,5.34207283898155
LAO,2013,5.947814857883105
LAO,2014,6.514255102700373
LAO,2015,7.027756982714278
LAO,2016,7.476868827932894
LAO,2017,7.852739888375103
LAO,2018,8.149391381834278
LAO,2019,8.363832128275869
LAO,2020,8.496018957841326
LAO,2021,8.548672283753243
LAO,2022,8.526966183301148
LAO,2023,8.438119366123447
LAO,2024,8.290918067798714
TJK,2005,1.5258013339781726
TJK,2006,1.9705897919313928
TJK,2007,2.480235812148937
TJK,2008,3.043535298570106
TJK,2009,3.647058490921311
TJK,2010,4.275672789167402
TJK,2011,4.913164945039911
TJK,2012,5.54292749988874
TJK,2013,6.148669518790295
TJK,2014,6.715109763607563
TJK,2015,7.228611643621468
TJK,2016,7.677723488840084
TJK,2017,8.053594549282293
TJK,2018,8.350246042741468
TJK,2019,8.564686789183058
TJK,2020,8.696873618748516
TJK,2021,8.749526944660433
TJK,2022,8.727820844208338
TJK,2023,8.638974027030637
TJK,2024,8.491772728705904
ETH,2005,2.196242653245811
ETH,2006,2.6410311111990312
ETH,2007,3.1506771314165753
ETH,2008,3.7139766178377442
ETH,2009,4.3174998101889495
ETH,2010,4.94611410843504
ETH,2011,5.58360626430755
ETH,2012,6.213368819156378
ETH,2013,6.8191108380579335
ETH,2014,7.385551082875201
ETH,2015,7.899052962889106
ETH,2016,8.348164808107722
ETH,2017,8.724035868549931
ETH,2018,9.020687362009106
ETH,2019,9.235128108450697
ETH,2020,9.367314938016154
ETH,2021,9.419968263928071
ETH,2022,9.398262163475977
ETH,2023,9.309415346298275
ETH,2024,9.162214047973542
SWZ,2005,0.9441943305074108
SWZ,2006,1.3836112294261214
SWZ,2007,1.8842580011093477
SWZ,2008,2.4349275389330542
SWZ,2009,3.0223342256580916
SWZ,2010,3.631639185938964
SWZ,2011,4.247066022122022
SWZ,2012,4.852571872729399
SWZ,2013,5.432534514107459
SWZ,2014,5.9724150009214245
SWZ,2015,6.459357122932017
SWZ,2016,6.882689590627134
SWZ,2017,7.234303946827893
SWZ,2018,7.508890120597622
SWZ,2019,7.704021529073993
SWZ,2020,7.820091853013286
SWZ,2021,7.86011523032773
SWZ,2022,7.829409881341322
SWZ,2023,7.735191505129114
SWZ,2024,7.5861067753632625
SLE,2005,1.6500817264051317
SLE,2006,2.094870184358352
SLE,2007,2.604516204575896
SLE,2008,3.167815690997065
SLE,2009,3.77133888334827
SLE,2010,4.399953181594361
SLE,2011,5.03744533746687
SLE,2012,5.667207892315699
SLE,2013,6.272949911217254
SLE,2014,6.839390156034522
SLE,2015,7.352892036048427
SLE,2016,7.802003881267043
SLE,2017,8.177874941709252
SLE,2018,8.474526435168427
SLE,2019,8.688967181610018
SLE,2020,8.821154011175476
SLE,2021,8.873807337087392
SLE,2022,8.852101236635297
SLE,2023,8.763254419457596
SLE,2024,8.616053121132861
BEN,2005,0.9979183842831016
BEN,2006,1.4427068422363218
BEN,2007,1.952352862453866
BEN,2008,2.515652348875035
BEN,2009,3.11917554122624
BEN,2010,3.747789839472331
BEN,2011,4.38528199534484
BEN,2012,5.015044550193669
BEN,2013,5.620786569095224
BEN,2014,6.187226813912492
BEN,2015,6.700728693926397
BEN,2016,7.149840539145013
BEN,2017,7.525711599587222
BEN,2018,7.8223630930463965
BEN,2019,8.036803839487987
BEN,2020,8.168990669053446
BEN,2021,8.221643994965362
BEN,2022,8.199937894513267
BEN,2023,8.111091077335566
BEN,2024,7.963889779010832
RWA,2005,1.1686653532006277
RWA,2006,1.613453811153848
RWA,2007,2.123099831371392
RWA,2008,2.686399317792561
RWA,2009,3.289922510143766
RWA,2010,3.918536808389857
RWA,2011,4.556028964262366
RWA,2012,5.185791519111195
RWA,2013,5.79153353801275
RWA,2014,6.357973782830018
RWA,2015,6.871475662843923
RWA,2016,7.320587508062539
RWA,2017,7.696458568504748
RWA,2018,7.993110061963923
RWA,2019,8.207550808405514
RWA,2020,8.339737637970972
RWA,2021,8.392390963882889
RWA,2022,8.370684863430792
RWA,2023,8.281838046253093
RWA,2024,8.134636747928358
BIH,2005,1.362649260609226
BIH,2006,1.7700648445898848
BIH,2007,2.2334601332084407
BIH,2008,2.7425914611405826
BIH,2009,3.2853550456821266
BIH,2010,3.848257644814117
BIH,2011,4.416965805136364
BIH,2012,4.976903068682742
BIH,2013,5.513861092034035
BIH,2014,6.014589637737206
BIH,2015,6.467331909941445
BIH,2016,6.8622755966710285
BIH,2017,7.191895925514256
BIH,2018,7.451174545000868
BIH,2019,7.637686495451046
BIH,2020,7.751556249687229
BIH,2021,7.795292101084774
BIH,2022,7.7735154271430975
BIH,2023,7.692607046717701
BIH,2024,7.560296658906503
ARM,2005,0.8741196062491094
ARM,2006,1.3189080642023296
ARM,2007,1.8285540844198738
ARM,2008,2.3918535708410427
ARM,2009,2.995376763192248
ARM,2010,3.6239910614383386
ARM,2011,4.261483217310849
ARM,2012,4.891245772159676
ARM,2013,5.4969877910612315
ARM,2014,6.0634280358785
ARM,2015,6.576929915892405
ARM,2016,7.026041761111021
ARM,2017,7.40191282155323
ARM,2018,7.698564315012405
ARM,2019,7.913005061453996
ARM,2020,8.045191891019453
ARM,2021,8.09784521693137
ARM,2022,8.076139116479276
ARM,2023,7.987292299301574
ARM,2024,7.840091000976839
CYP,2005,1.1954944588659222
CYP,2006,1.630883669454807
CYP,2007,2.1288976683458705
CYP,2008,2.6785739070263714
CYP,2009,3.266816107501427
CYP,2010,3.87890396694172
CYP,2011,4.4990970039570835
CYP,2012,5.11129855491521
CYP,2013,5.699741454959623
CYP,2014,6.249655260971097
CYP,2015,6.747876149108847
CYP,2016,7.18336474658679
CYP,2017,7.547603785702525
CYP,2018,7.834856031797364
CYP,2019,8.042272708794787
CYP,2020,8.169852808833971
CYP,2021,8.2202633971687
CYP,2022,8.198539547541458
CYP,2023,8.111689240741198
CYP,2024,7.968232994282149
SRB,2005,1.3822828402450043
SRB,2006,1.789698424225663
SRB,2007,2.253093712844219
SRB,2008,2.762225040776361
SRB,2009,3.304988625317905
SRB,2010,3.8678912244498953
SRB,2011,4.436599384772142
SRB,2012,4.9965366483185205
SRB,2013,5.533494671669813
SRB,2014,6.034223217372984
SRB,2015,6.486965489577223
SRB,2016,6.881909176306807
SRB,2017,7.211529505150034
SRB,2018,7.470808124636647
SRB,2019,7.657320075086824
SRB,2020,7.771189829323007
SRB,2021,7.8149256807205525
SRB,2022,7.793149006778876
SRB,2023,7.712240626353479
SRB,2024,7.579930238542281
TTO,2005,1.0636378856622999
TTO,2006,1.5022377274320107
TTO,2007,2.002609059012207
TTO,2008,2.5536098981296087
TTO,2009,3.141998144304959
TTO,2010,3.75295258564888
TTO,2011,4.370685779700277
TTO,2012,4.979113960206882
TTO,2013,5.562544875062576
TTO,2014,6.106343083390498
TTO,2015,6.597533859358535
TTO,2016,7.0253113302349295
TTO,2017,7.381423428856026
TTO,2018,7.660415065413033
TTO,2019,7.859720865678763
TTO,2020,7.979609047940454
TTO,2021,8.022987685215025
TTO,2022,7.99509296857942
TTO,2023,7.903085545376687
TTO,2024,7.755585145234276
SUR,2005,0.6829226207717203
SUR,2006,1.1277110787249405
SUR,2007,1.6373570989424846
SUR,2008,2.2006565853636535
SUR,2009,2.8041797777148587
SUR,2010,3.4327940759609494
SUR,2011,4.0702862318334585
SUR,2012,4.700048786682288
SUR,2013,5.305790805583843
SUR,2014,5.87223105040111
SUR,2015,6.385732930415015
SUR,2016,6.834844775633632
SUR,2017,7.21071583607584
SUR,2018,7.507367329535015
SUR,2019,7.721808075976606
SUR,2020,7.853994905542065
SUR,2021,7.90664823145398
SUR,2022,7.8849421310018855
SUR,2023,7.796095313824184
SUR,2024,7.648894015499451
KOR,2005,1.7335453789401196
KOR,2006,2.17833383689334
KOR,2007,2.687979857110884
KOR,2008,3.251279343532053
KOR,2009,3.854802535883258
KOR,2010,4.483416834129349
KOR,2011,5.120908990001858
KOR,2012,5.750671544850687
KOR,2013,6.356413563752242
KOR,2014,6.92285380856951
KOR,2015,7.436355688583415
KOR,2016,7.885467533802031
KOR,2017,8.26133859424424
KOR,2018,8.557990087703415
KOR,2019,8.772430834145005
KOR,2020,8.904617663710464
KOR,2021,8.95727098962238
KOR,2022,8.935564889170285
KOR,2023,8.846718071992584
KOR,2024,8.699516773667849
ROU,2005,1.3753104521544097
ROU,2006,1.82009891010763
ROU,2007,2.329744930325174
ROU,2008,2.893044416746343
ROU,2009,3.496567609097548
ROU,2010,4.125181907343639
ROU,2011,4.762674063216148
ROU,2012,5.392436618064977
ROU,2013,5.998178636966532
ROU,2014,6.5646188817838
ROU,2015,7.078120761797705
ROU,2016,7.527232607016321
ROU,2017,7.90310366745853
ROU,2018,8.199755160917704
ROU,2019,8.414195907359296
ROU,2020,8.546382736924754
ROU,2021,8.59903606283667
ROU,2022,8.577329962384574
ROU,2023,8.488483145206875
ROU,2024,8.34128184688214
AUT,2005,1.8550797616192582
AUT,2006,2.262495345599917
AUT,2007,2.725890634218473
AUT,2008,3.235021962150615
AUT,2009,3.777785546692159
AUT,2010,4.340688145824149
AUT,2011,4.909396306146396
AUT,2012,5.4693335696927745
AUT,2013,6.006291593044067
AUT,2014,6.507020138747238
AUT,2015,6.959762410951477
AUT,2016,7.354706097681061
AUT,2017,7.684326426524288
AUT,2018,7.943605046010901
AUT,2019,8.130116996461078
AUT,2020,8.24398675069726
AUT,2021,8.287722602094806
AUT,2022,8.26594592815313
AUT,2023,8.185037547727733
AUT,2024,8.052727159916536
EGY,2005,1.35305450175826
EGY,2006,1.7978429597114802
EGY,2007,2.3074889799290244
EGY,2008,2.8707884663501932
EGY,2009,3.4743116587013985
EGY,2010,4.102925956947489
EGY,2011,4.740418112819999
EGY,2012,5.370180667668827
EGY,2013,5.9759226865703825
EGY,2014,6.54236293138765
EGY,2015,7.055864811401555
EGY,2016,7.504976656620172
EGY,2017,7.88084771706238
EGY,2018,8.177499210521555
EGY,2019,8.391939956963146
EGY,2020,8.524126786528605
EGY,2021,8.57678011244052
EGY,2022,8.555074011988426
EGY,2023,8.466227194810724
EGY,2024,8.31902589648599
MEX,2005,1.9640067466605213
MEX,2006,2.4087952046137415
MEX,2007,2.9184412248312857
MEX,2008,3.4817407112524545
MEX,2009,4.08526390360366
MEX,2010,4.7138782018497505
MEX,2011,5.35137035772226
MEX,2012,5.981132912571089
MEX,2013,6.586874931472644
MEX,2014,7.153315176289912
MEX,2015,7.666817056303817
MEX,2016,8.115928901522434
MEX,2017,8.491799961964642
MEX,2018,8.788451455423816
MEX,2019,9.002892201865407
MEX,2020,9.135079031430866
MEX,2021,9.187732357342782
MEX,2022,9.166026256890687
MEX,2023,9.077179439712985
MEX,2024,8.92997814138825
HKG,2005,1.4889407833743142
HKG,2006,1.9337292413275344
HKG,2007,2.4433752615450786
HKG,2008,3.0066747479662475
HKG,2009,3.6101979403174527
HKG,2010,4.238812238563543
HKG,2011,4.876304394436053
HKG,2012,5.5060669492848815
HKG,2013,6.111808968186437
HKG,2014,6.6782492130037046
HKG,2015,7.19175109301761
HKG,2016,7.640862938236226
HKG,2017,8.016733998678435
HKG,2018,8.31338549213761
HKG,2019,8.5278262385792
HKG,2020,8.660013068144657
HKG,2021,8.712666394056575
HKG,2022,8.69096029360448
HKG,2023,8.602113476426778
HKG,2024,8.454912178102045
ISR,2005,1.576118224576473
ISR,2006,2.0209066825296933
ISR,2007,2.5305527027472374
ISR,2008,3.0938521891684063
ISR,2009,3.6973753815196115
ISR,2010,4.325989679765702
ISR,2011,4.963481835638212
ISR,2012,5.59324439048704
ISR,2013,6.198986409388596
ISR,2014,6.765426654205863
ISR,2015,7.2789285342197685
ISR,2016,7.728040379438385
ISR,2017,8.103911439880594
ISR,2018,8.400562933339767
ISR,2019,8.61500367978136
ISR,2020,8.747190509346817
ISR,2021,8.799843835258734
ISR,2022,8.778137734806638
ISR,2023,8.689290917628938
ISR,2024,8.542089619304203
CHN,2005,1.801523031893657
CHN,2006,2.2463114898468772
CHN,2007,2.7559575100644214
CHN,2008,3.3192569964855902
CHN,2009,3.9227801888367955
CHN,2010,4.551394487082886
CHN,2011,5.188886642955396
CHN,2012,5.818649197804224
CHN,2013,6.4243912167057795
CHN,2014,6.990831461523047
CHN,2015,7.504333341536952
CHN,2016,7.953445186755569
CHN,2017,8.329316247197777
CHN,2018,8.625967740656952
CHN,2019,8.840408487098543
CHN,2020,8.972595316664002
CHN,2021,9.025248642575917
CHN,2022,9.003542542123823
CHN,2023,8.914695724946121
CHN,2024,8.767494426621386
SWE,2005,1.2456353903718318
SWE,2006,1.690423848325052
SWE,2007,2.200069868542596
SWE,2008,2.763369354963765
SWE,2009,3.3668925473149702
SWE,2010,3.995506845561061
SWE,2011,4.6329990014335705
SWE,2012,5.262761556282399
SWE,2013,5.868503575183954
SWE,2014,6.434943820001222
SWE,2015,6.948445700015127
SWE,2016,7.397557545233743
SWE,2017,7.773428605675952
SWE,2018,8.070080099135126
SWE,2019,8.284520845576719
SWE,2020,8.416707675142176
SWE,2021,8.469361001054093
SWE,2022,8.447654900601997
SWE,2023,8.358808083424297
SWE,2024,8.211606785099562
FIN,2005,1.5082569852507008
FIN,2006,1.953045443203921
FIN,2007,2.462691463421465
FIN,2008,3.025990949842634
FIN,2009,3.6295141421938393
FIN,2010,4.25812844043993
FIN,2011,4.8956205963124395
FIN,2012,5.525383151161268
FIN,2013,6.131125170062823
FIN,2014,6.697565414880091
FIN,2015,7.211067294893996
FIN,2016,7.6601791401126125
FIN,2017,8.036050200554822
FIN,2018,8.332701694013995
FIN,2019,8.547142440455588
FIN,2020,8.679329270021045
FIN,2021,8.731982595932962
FIN,2022,8.710276495480866
FIN,2023,8.621429678303166
FIN,2024,8.474228379978431
HUN,2005,1.3042873011661777
HUN,2006,1.749075759119398
HUN,2007,2.258721779336942
HUN,2008,2.822021265758111
HUN,2009,3.425544458109316
HUN,2010,4.054158756355407
HUN,2011,4.691650912227916
HUN,2012,5.321413467076745
HUN,2013,5.9271554859783
HUN,2014,6.493595730795568
HUN,2015,7.007097610809473
HUN,2016,7.456209456028089
HUN,2017,7.832080516470298
HUN,2018,8.128732009929472
HUN,2019,8.343172756371064
HUN,2020,8.475359585936522
HUN,2021,8.528012911848439
HUN,2022,8.506306811396342
HUN,2023,8.417459994218643
HUN,2024,8.270258695893908
AUS,2005,1.6614773026831653
AUS,2006,2.1062657606363855
AUS,2007,2.6159117808539296
AUS,2008,3.1792112672750985
AUS,2009,3.7827344596263037
AUS,2010,4.411348757872394
AUS,2011,5.048840913744904
AUS,2012,5.6786034685937326
AUS,2013,6.284345487495288
AUS,2014,6.850785732312556
AUS,2015,7.364287612326461
AUS,2016,7.813399457545077
AUS,2017,8.189270517987286
AUS,2018,8.48592201144646
AUS,2019,8.700362757888051
AUS,2020,8.83254958745351
AUS,2021,8.885202913365426
AUS,2022,8.863496812913331
AUS,2023,8.77464999573563
AUS,2024,8.627448697410895
LTU,2005,1.361605449903208
LTU,2006,1.7690210338838668
LTU,2007,2.2324163225024227
LTU,2008,2.7415476504345646
LTU,2009,3.2843112349761086
LTU,2010,3.847213834108099
LTU,2011,4.415921994430346
LTU,2012,4.975859257976724
LTU,2013,5.512817281328017
LTU,2014,6.013545827031188
LTU,2015,6.466288099235427
LTU,2016,6.8612317859650105
LTU,2017,7.190852114808238
LTU,2018,7.45013073429485
LTU,2019,7.636642684745028
LTU,2020,7.750512438981211
LTU,2021,7.794248290378757
LTU,2022,7.7724716164370795
LTU,2023,7.6915632360116835
LTU,2024,7.559252848200485
RUS,2005,1.9151887930838551
RUS,2006,2.3599772510370753
RUS,2007,2.8696232712546195
RUS,2008,3.4329227576757884
RUS,2009,4.036445950026994
RUS,2010,4.665060248273084
RUS,2011,5.302552404145594
RUS,2012,5.932314958994422
RUS,2013,6.538056977895978
RUS,2014,7.1044972227132455
RUS,2015,7.6179991027271505
RUS,2016,8.067110947945768
RUS,2017,8.442982008387975
RUS,2018,8.73963350184715
RUS,2019,8.954074248288741
RUS,2020,9.0862610778542
RUS,2021,9.138914403766115
RUS,2022,9.11720830331402
RUS,2023,9.028361486136319
RUS,2024,8.881160187811584
JPN,2005,2.122320486955214
JPN,2006,2.5671089449084343
JPN,2007,3.0767549651259785
JPN,2008,3.6400544515471474
JPN,2009,4.243577643898353
JPN,2010,4.872191942144443
JPN,2011,5.509684098016953
JPN,2012,6.139446652865781
JPN,2013,6.745188671767337
JPN,2014,7.3116289165846045
JPN,2015,7.8251307965985095
JPN,2016,8.274242641817125
JPN,2017,8.650113702259334
JPN,2018,8.946765195718509
JPN,2019,9.1612059421601
JPN,2020,9.293392771725557
JPN,2021,9.346046097637474
JPN,2022,9.32433999718538
JPN,2023,9.235493180007678
JPN,2024,9.088291881682945
ALB,2005,1.18488284135413
ALB,2006,1.5922984253347887
ALB,2007,2.0556937139533447
ALB,2008,2.5648250418854865
ALB,2009,3.1075886264270305
ALB,2010,3.670491225559021
ALB,2011,4.2391993858812675
ALB,2012,4.799136649427647
ALB,2013,5.336094672778939
ALB,2014,5.83682321848211
ALB,2015,6.289565490686348
ALB,2016,6.684509177415933
ALB,2017,7.0141295062591595
ALB,2018,7.273408125745773
ALB,2019,7.459920076195949
ALB,2020,7.573789830432133
ALB,2021,7.617525681829679
ALB,2022,7.595749007888001
ALB,2023,7.514840627462605
ALB,2024,7.382530239651407
CAF,2005,1.8925043319283494
CAF,2006,2.2999199159090082
CAF,2007,2.763315204527564
CAF,2008,3.272446532459706
CAF,2009,3.81521011700125
CAF,2010,4.3781127161332405
CAF,2011,4.9468208764554875
CAF,2012,5.506758140001866
CAF,2013,6.043716163353158
CAF,2014,6.54444470905633
CAF,2015,6.997186981260568
CAF,2016,7.392130667990152
CAF,2017,7.7217509968333795
CAF,2018,7.981029616319992
CAF,2019,8.167541566770169
CAF,2020,8.281411321006352
CAF,2021,8.325147172403899
CAF,2022,8.303370498462222
CAF,2023,8.222462118036825
CAF,2024,8.090151730225626
MDV,2005,1.724778446789422
MDV,2006,2.132194030770081
MDV,2007,2.595589319388637
MDV,2008,3.1047206473207787
MDV,2009,3.6474842318623226
MDV,2010,4.210386830994313
MDV,2011,4.77909499131656
MDV,2012,5.339032254862938
MDV,2013,5.875990278214231
MDV,2014,6.376718823917402
MDV,2015,6.829461096121641
MDV,2016,7.224404782851225
MDV,2017,7.554025111694452
MDV,2018,7.8133037311810645
MDV,2019,7.999815681631242
MDV,2020,8.113685435867424
MDV,2021,8.15742128726497
MDV,2022,8.135644613323294
MDV,2023,8.054736232897897
MDV,2024,7.922425845086699
BRN,2005,1.2633415319199077
BRN,2006,1.708129989873128
BRN,2007,2.217776010090672
BRN,2008,2.781075496511841
BRN,2009,3.384598688863046
BRN,2010,4.013212987109137
BRN,2011,4.650705142981646
BRN,2012,5.280467697830475
BRN,2013,5.88620971673203
BRN,2014,6.452649961549298
BRN,2015,6.966151841563203
BRN,2016,7.415263686781819
BRN,2017,7.791134747224028
BRN,2018,8.087786240683203
BRN,2019,8.302226987124794
BRN,2020,8.434413816690252
BRN,2021,8.487067142602168
BRN,2022,8.465361042150073
BRN,2023,8.376514224972372
BRN,2024,8.229312926647637
UGA,2005,1.557023981745317
UGA,2006,2.0018124396985373
UGA,2007,2.5114584599160814
UGA,2008,3.0747579463372503
UGA,2009,3.6782811386884555
UGA,2010,4.306895436934546
UGA,2011,4.944387592807056
UGA,2012,5.574150147655884
UGA,2013,6.17989216655744
UGA,2014,6.746332411374707
UGA,2015,7.2598342913886125
UGA,2016,7.708946136607229
UGA,2017,8.084817197049437
UGA,2018,8.381468690508612
UGA,2019,8.595909436950203
UGA,2020,8.72809626651566
UGA,2021,8.780749592427577
UGA,2022,8.759043491975483
UGA,2023,8.670196674797781
UGA,2024,8.522995376473048
BDI,2005,1.6027348107319384
BDI,2006,2.010150394712597
BDI,2007,2.473545683331153
BDI,2008,2.982677011263295
BDI,2009,3.525440595804839
BDI,2010,4.088343194936829
BDI,2011,4.657051355259076
BDI,2012,5.216988618805455
BDI,2013,5.753946642156747
BDI,2014,6.2546751878599185
BDI,2015,6.707417460064157
BDI,2016,7.102361146793741
BDI,2017,7.431981475636968
BDI,2018,7.691260095123581
BDI,2019,7.877772045573758
BDI,2020,7.991641799809941
BDI,2021,8.035377651207487
BDI,2022,8.01360097726581
BDI,2023,7.932692596840413
BDI,2024,7.800382209029215
SEN,2005,1.2083385280033454
SEN,2006,1.6531269859565656
SEN,2007,2.1627730061741097
SEN,2008,2.7260724925952786
SEN,2009,3.329595684946484
SEN,2010,3.9582099831925746
SEN,2011,4.595702139065084
SEN,2012,5.225464693913913
SEN,2013,5.831206712815468
SEN,2014,6.397646957632736
SEN,2015,6.911148837646641
SEN,2016,7.360260682865257
SEN,2017,7.736131743307466
SEN,2018,8.03278323676664
SEN,2019,8.247223983208231
SEN,2020,8.379410812773688
SEN,2021,8.432064138685606
SEN,2022,8.410358038233511
SEN,2023,8.32151122105581
SEN,2024,8.174309922731076
MNE,2005,0.7671903936592686
MNE,2006,1.2119788516124888
MNE,2007,1.7216248718300329
MNE,2008,2.2849243582512018
MNE,2009,2.888447550602407
MNE,2010,3.5170618488484977
MNE,2011,4.154554004721007
MNE,2012,4.784316559569836
MNE,2013,5.3900585784713915
MNE,2014,5.956498823288658
MNE,2015,6.4700007033025635
MNE,2016,6.919112548521181
MNE,2017,7.294983608963388
MNE,2018,7.591635102422563
MNE,2019,7.806075848864154
MNE,2020,7.938262678429613
MNE,2021,7.990916004341528
MNE,2022,7.969209903889434
MNE,2023,7.880363086711732
MNE,2024,7.733161788386999
GHA,2005,1.325551790062888
GHA,2006,1.7703402480161081
GHA,2007,2.2799862682336522
GHA,2008,2.843285754654821
GHA,2009,3.4468089470060264
GHA,2010,4.075423245252117
GHA,2011,4.712915401124627
GHA,2012,5.342677955973455
GHA,2013,5.94841997487501
GHA,2014,6.514860219692278
GHA,2015,7.028362099706183
GHA,2016,7.4774739449247996
GHA,2017,7.853345005367008
GHA,2018,8.149996498826184
GHA,2019,8.364437245267773
GHA,2020,8.496624074833232
GHA,2021,8.549277400745147
GHA,2022,8.527571300293054
GHA,2023,8.438724483115351
GHA,2024,8.291523184790618
IRL,2005,1.7818887529753082
IRL,2006,2.189304336955967
IRL,2007,2.652699625574523
IRL,2008,3.161830953506665
IRL,2009,3.704594538048209
IRL,2010,4.267497137180199
IRL,2011,4.836205297502446
IRL,2012,5.3961425610488245
IRL,2013,5.933100584400117
IRL,2014,6.433829130103288
IRL,2015,6.886571402307527
IRL,2016,7.281515089037111
IRL,2017,7.611135417880338
IRL,2018,7.870414037366951
IRL,2019,8.056925987817127
IRL,2020,8.170795742053311
IRL,2021,8.214531593450857
IRL,2022,8.19275491950918
IRL,2023,8.111846539083784
IRL,2024,7.979536151272585
LCA,2005,0.790524159899221
LCA,2006,1.223047415395825
LCA,2007,1.714311954117996
LCA,2008,2.2532367831601623
LCA,2009,2.8267640647112207
LCA,2010,3.420378338099226
LCA,2011,4.018710258487383
LCA,2012,4.606190271838511
LCA,2013,5.167713971161236
LCA,2014,5.6892800222432545
LCA,2015,6.158563582678324
LCA,2016,6.565392886399243
LCA,2017,6.9021037113571
LCA,2018,7.163755179958194
LCA,2019,7.348200015599632
LCA,2020,7.456012187786085
LCA,2021,7.490284032202631
LCA,2022,7.4563127292939235
LCA,2023,7.3612019151849015
LCA,2024,7.213407827738957
BOL,2005,1.4997097470764684
BOL,2006,1.9071253310571272
BOL,2007,2.370520619675683
BOL,2008,2.879651947607825
BOL,2009,3.422415532149369
BOL,2010,3.9853181312813595
BOL,2011,4.5540262916036065
BOL,2012,5.113963555149985
BOL,2013,5.650921578501277
BOL,2014,6.151650124204449
BOL,2015,6.604392396408687
BOL,2016,6.999336083138271
BOL,2017,7.3289564119814985
BOL,2018,7.588235031468111
BOL,2019,7.774746981918288
BOL,2020,7.8886167361544715
BOL,2021,7.9323525875520176
BOL,2022,7.91057591361034
BOL,2023,7.829667533184944
BOL,2024,7.697357145373745
BEL,2005,1.5812411746433135
BEL,2006,2.0260296325965337
BEL,2007,2.535675652814078
BEL,2008,3.0989751392352467
BEL,2009,3.702498331586452
BEL,2010,4.331112629832543
BEL,2011,4.968604785705052
BEL,2012,5.598367340553881
BEL,2013,6.204109359455436
BEL,2014,6.770549604272704
BEL,2015,7.284051484286609
BEL,2016,7.733163329505225
BEL,2017,8.109034389947434
BEL,2018,8.405685883406608
BEL,2019,8.6201266298482
BEL,2020,8.752313459413656
BEL,2021,8.804966785325574
BEL,2022,8.783260684873479
BEL,2023,8.694413867695777
BEL,2024,8.547212569371045
GER,2005,2.166961048674196
GER,2006,2.5743766326548547
GER,2007,3.0377719212734107
GER,2008,3.5469032492055526
GER,2009,4.0896668337470965
GER,2010,4.652569432879087
GER,2011,5.221277593201334
GER,2012,5.781214856747712
GER,2013,6.318172880099005
GER,2014,6.818901425802176
GER,2015,7.2716436980064145
GER,2016,7.666587384735998
GER,2017,7.996207713579226
GER,2018,8.25548633306584
GER,2019,8.441998283516016
GER,2020,8.555868037752198
GER,2021,8.599603889149744
GER,2022,8.577827215208067
GER,2023,8.49691883478267
GER,2024,8.364608446971474
CIV,2005,1.562954753452951
CIV,2006,2.0077432114061713
CIV,2007,2.5173892316237154
CIV,2008,3.0806887180448843
CIV,2009,3.6842119103960895
CIV,2010,4.31282620864218
CIV,2011,4.95031836451469
CIV,2012,5.580080919363518
CIV,2013,6.185822938265074
CIV,2014,6.752263183082341
CIV,2015,7.2657650630962465
CIV,2016,7.714876908314863
CIV,2017,8.090747968757071
CIV,2018,8.387399462216246
CIV,2019,8.601840208657837
CIV,2020,8.734027038223296
CIV,2021,8.786680364135211
CIV,2022,8.764974263683117
CIV,2023,8.676127446505415
CIV,2024,8.52892614818068
JOR,2005,1.4178689471197616
JOR,2006,1.8626574050729818
JOR,2007,2.372303425290526
JOR,2008,2.935602911711695
JOR,2009,3.5391261040629
JOR,2010,4.167740402308991
JOR,2011,4.8052325581815
JOR,2012,5.434995113030329
JOR,2013,6.040737131931884
JOR,2014,6.607177376749152
JOR,2015,7.120679256763057
JOR,2016,7.569791101981673
JOR,2017,7.945662162423882
JOR,2018,8.242313655883056
JOR,2019,8.456754402324648
JOR,2020,8.588941231890105
JOR,2021,8.641594557802023
JOR,2022,8.619888457349926
JOR,2023,8.531041640172226
JOR,2024,8.383840341847492
MOZ,2005,1.614681119470827
MOZ,2006,2.022096703451486
MOZ,2007,2.485491992070042
MOZ,2008,2.9946233200021837
MOZ,2009,3.5373869045437276
MOZ,2010,4.100289503675718
MOZ,2011,4.668997663997965
MOZ,2012,5.228934927544343
MOZ,2013,5.765892950895636
MOZ,2014,6.266621496598807
MOZ,2015,6.719363768803046
MOZ,2016,7.1143074555326296
MOZ,2017,7.443927784375857
MOZ,2018,7.7032064038624695
MOZ,2019,7.889718354312647
MOZ,2020,8.00358810854883
MOZ,2021,8.047323959946375
MOZ,2022,8.025547286004699
MOZ,2023,7.944638905579302
MOZ,2024,7.812328517768104
KEN,2005,1.2462056262968169
KEN,2006,1.690994084250037
KEN,2007,2.200640104467581
KEN,2008,2.76393959088875
KEN,2009,3.3674627832399553
KEN,2010,3.996077081486046
KEN,2011,4.6335692373585555
KEN,2012,5.263331792207384
KEN,2013,5.869073811108939
KEN,2014,6.435514055926207
KEN,2015,6.949015935940112
KEN,2016,7.3981277811587285
KEN,2017,7.773998841600937
KEN,2018,8.070650335060112
KEN,2019,8.285091081501703
KEN,2020,8.41727791106716
KEN,2021,8.469931236979077
KEN,2022,8.448225136526982
KEN,2023,8.35937831934928
KEN,2024,8.212177021024548
ISL,2005,1.0353089292927562
ISL,2006,1.4800973872459764
ISL,2007,1.9897434074635205
ISL,2008,2.5530428938846894
ISL,2009,3.1565660862358946
ISL,2010,3.7851803844819853
ISL,2011,4.422672540354495
ISL,2012,5.0524350952033235
ISL,2013,5.658177114104879
ISL,2014,6.2246173589221465
ISL,2015,6.738119238936052
ISL,2016,7.187231084154668
ISL,2017,7.5631021445968765
ISL,2018,7.859753638056051
ISL,2019,8.074194384497641
ISL,2020,8.2063812140631
ISL,2021,8.259034539975016
ISL,2022,8.237328439522923
ISL,2023,8.14848162234522
ISL,2024,8.001280324020486
COD,2005,3.318099745025279
COD,2006,3.7642154376467127
COD,2007,4.275346451728151
COD,2008,4.840249332865861
COD,2009,5.445449326503733
COD,2010,6.0757652974164955
COD,2011,6.714934254575674
COD,2012,7.346300204141035
COD,2013,7.953527216906491
COD,2014,8.521294696391974
COD,2015,9.03593405024712
COD,2016,9.485970205960669
COD,2017,9.862538309893358
COD,2018,10.159654911648289
COD,2019,10.374333194889427
COD,2020,10.506542503589564
COD,2021,10.559022648293345
COD,2022,10.536972450016856
COD,2023,10.447639025309915
COD,2024,10.299838973476316
MLI,2005,2.2426388023850494
MLI,2006,2.689358367872453
MLI,2007,3.201127280709472
MLI,2008,3.766682920717485
MLI,2009,4.3725305638134895
MLI,2010,5.003469312804376
MLI,2011,5.643217622263731
MLI,2012,6.275103069732031
MLI,2013,6.882776196167775
MLI,2014,7.4509063511494835
MLI,2015,7.965818711767217
MLI,2016,8.416035901899763
MLI,2017,8.792694556489312
MLI,2018,9.089816156807025
MLI,2019,9.304421736964931
MLI,2020,9.436490760483059
MLI,2021,9.48877470682158
MLI,2022,9.466484881037411
MLI,2023,9.376881001027801
MLI,2024,9.228791765803676
AZE,2005,2.083647804577536
AZE,2006,2.491063388558195
AZE,2007,2.954458677176751
AZE,2008,3.463590005108893
AZE,2009,4.006353589650437
AZE,2010,4.569256188782427
AZE,2011,5.137964349104674
AZE,2012,5.697901612651052
AZE,2013,6.234859636002345
AZE,2014,6.735588181705516
AZE,2015,7.188330453909755
AZE,2016,7.583274140639339
AZE,2017,7.912894469482566
AZE,2018,8.172173088969178
AZE,2019,8.358685039419356
AZE,2020,8.47255479365554
AZE,2021,8.516290645053084
AZE,2022,8.494513971111408
AZE,2023,8.41360559068601
AZE,2024,8.281295202874812
TKM,2005,1.6268683922091425
TKM,2006,2.0716568501623627
TKM,2007,2.581302870379907
TKM,2008,3.1446023568010757
TKM,2009,3.748125549152281
TKM,2010,4.376739847398372
TKM,2011,5.014232003270881
TKM,2012,5.64399455811971
TKM,2013,6.249736577021265
TKM,2014,6.816176821838533
TKM,2015,7.329678701852438
TKM,2016,7.778790547071054
TKM,2017,8.154661607513262
TKM,2018,8.451313100972438
TKM,2019,8.665753847414027
TKM,2020,8.797940676979486
TKM,2021,8.850594002891402
TKM,2022,8.828887902439309
TKM,2023,8.740041085261606
TKM,2024,8.592839786936873
PAK,2005,2.26065977631335
PAK,2006,2.70544823426657
PAK,2007,3.2150942544841143
PAK,2008,3.7783937409052832
PAK,2009,4.3819169332564885
PAK,2010,5.010531231502579
PAK,2011,5.648023387375089
PAK,2012,6.277785942223917
PAK,2013,6.8835279611254725
PAK,2014,7.44996820594274
PAK,2015,7.963470085956645
PAK,2016,8.41258193117526
PAK,2017,8.78845299161747
PAK,2018,9.085104485076645
PAK,2019,9.299545231518236
PAK,2020,9.431732061083693
PAK,2021,9.48438538699561
PAK,2022,9.462679286543516
PAK,2023,9.373832469365814
PAK,2024,9.226631171041081
GUY,2005,1.3624716358696514
GUY,2006,1.7698872198503102
GUY,2007,2.233282508468866
GUY,2008,2.742413836401008
GUY,2009,3.285177420942552
GUY,2010,3.8480800200745424
GUY,2011,4.416788180396789
GUY,2012,4.976725443943168
GUY,2013,5.51368346729446
GUY,2014,6.0144120129976315
GUY,2015,6.46715428520187
GUY,2016,6.862097971931454
GUY,2017,7.191718300774681
GUY,2018,7.450996920261294
GUY,2019,7.637508870711471
GUY,2020,7.751378624947654
GUY,2021,7.7951144763452
GUY,2022,7.773337802403523
GUY,2023,7.692429421978126
GUY,2024,7.560119034166928
JAM,2005,0.796360363585594
JAM,2006,1.2411488215388142
JAM,2007,1.7507948417563584
JAM,2008,2.3140943281775272
JAM,2009,2.9176175205287325
JAM,2010,3.546231818774823
JAM,2011,4.183723974647332
JAM,2012,4.813486529496162
JAM,2013,5.419228548397717
JAM,2014,5.985668793214984
JAM,2015,6.499170673228889
JAM,2016,6.948282518447506
JAM,2017,7.324153578889714
JAM,2018,7.6208050723488885
JAM,2019,7.835245818790479
JAM,2020,7.967432648355938
JAM,2021,8.020085974267854
JAM,2022,7.998379873815759
JAM,2023,7.9095330566380575
JAM,2024,7.762331758313325
KAZ,2005,1.868506930084859
KAZ,2006,2.2759225140655177
KAZ,2007,2.7393178026840737
KAZ,2008,3.2484491306162155
KAZ,2009,3.7912127151577595
KAZ,2010,4.35411531428975
KAZ,2011,4.922823474611997
KAZ,2012,5.482760738158375
KAZ,2013,6.019718761509668
KAZ,2014,6.520447307212839
KAZ,2015,6.9731895794170775
KAZ,2016,7.368133266146661
KAZ,2017,7.697753594989889
KAZ,2018,7.957032214476501
KAZ,2019,8.143544164926679
KAZ,2020,8.257413919162861
KAZ,2021,8.301149770560407
KAZ,2022,8.27937309661873
KAZ,2023,8.198464716193334
KAZ,2024,8.066154328382137
KGZ,2005,0.9015051229788336
KGZ,2006,1.3443680523241834
KGZ,2007,1.8507881356413138
KGZ,2008,2.4095601976808227
KGZ,2009,3.007306148742722
KGZ,2010,3.628998679507112
KGZ,2011,4.258581138393903
KGZ,2012,4.879648456413058
KGZ,2013,5.476149409807245
KGZ,2014,6.033068848183594
KGZ,2015,6.537049921756583
KGZ,2016,6.976920701467826
KGZ,2017,7.344096525080363
KGZ,2018,7.6328383215538205
KGZ,2019,7.840357300513712
KGZ,2020,7.966766888789865
KGZ,2021,8.014892790320118
KGZ,2022,7.989960752967611
KGZ,2023,7.899188407182036
KGZ,2024,7.751311960153261
DOM,2005,1.1756263526073552
DOM,2006,1.6204148105605753
DOM,2007,2.1300608307781195
DOM,2008,2.6933603171992884
DOM,2009,3.2968835095504936
DOM,2010,3.9254978077965843
DOM,2011,4.562989963669094
DOM,2012,5.192752518517922
DOM,2013,5.798494537419478
DOM,2014,6.3649347822367455
DOM,2015,6.8784366622506505
DOM,2016,7.327548507469267
DOM,2017,7.703419567911475
DOM,2018,8.000071061370651
DOM,2019,8.21451180781224
DOM,2020,8.346698637377699
DOM,2021,8.399351963289615
DOM,2022,8.377645862837522
DOM,2023,8.288799045659818
DOM,2024,8.141597747335085
EST,2005,1.2787885909442411
EST,2006,1.6862041749249
EST,2007,2.149599463543456
EST,2008,2.6587307914755978
EST,2009,3.2014943760171417
EST,2010,3.764396975149132
EST,2011,4.33310513547138
EST,2012,4.893042399017757
EST,2013,5.43000042236905
EST,2014,5.930728968072222
EST,2015,6.38347124027646
EST,2016,6.778414927006043
EST,2017,7.108035255849272
EST,2018,7.367313875335883
EST,2019,7.5538258257860615
EST,2020,7.667695580022244
EST,2021,7.71143143141979
EST,2022,7.689654757478113
EST,2023,7.608746377052716
EST,2024,7.4764359892415175
BLR,2005,1.2747913175741425
BLR,2006,1.7120978640387925
BLR,2007,2.2105309737427286
BLR,2008,2.7589616449348684
BLR,2009,3.344186994228062
BLR,2010,3.951450883541857
BLR,2011,4.56505485519547
BLR,2012,5.169024584029657
BLR,2013,5.747792930508557
BLR,2014,6.286859412288817
BLR,2015,6.773387619880056
BLR,2016,7.196706639084033
BLR,2017,7.5486895153073466
BLR,2018,7.823990599834228
BLR,2019,8.020133503217803
BLR,2020,8.137451517554231
BLR,2021,8.178891932952544
BLR,2022,8.149703921011875
BLR,2023,8.057035995232777
BLR,2024,7.909473088874911
IND,2005,2.107488527434853
IND,2006,2.5522769853880733
IND,2007,3.0619230056056175
IND,2008,3.6252224920267864
IND,2009,4.228745684377992
IND,2010,4.857359982624082
IND,2011,5.494852138496592
IND,2012,6.12461469334542
IND,2013,6.730356712246976
IND,2014,7.2967969570642435
IND,2015,7.8102988370781485
IND,2016,8.259410682296764
IND,2017,8.635281742738973
IND,2018,8.931933236198148
IND,2019,9.146373982639739
IND,2020,9.278560812205196
IND,2021,9.331214138117113
IND,2022,9.309508037665019
IND,2023,9.220661220487317
IND,2024,9.073459922162584
COL,2005,1.7711678953304997
COL,2006,2.21595635328372
COL,2007,2.725602373501264
COL,2008,3.288901859922433
COL,2009,3.892425052273638
COL,2010,4.521039350519729
COL,2011,5.158531506392238
COL,2012,5.788294061241067
COL,2013,6.394036080142622
COL,2014,6.96047632495989
COL,2015,7.473978204973795
COL,2016,7.923090050192411
COL,2017,8.29896111063462
COL,2018,8.595612604093795
COL,2019,8.810053350535386
COL,2020,8.942240180100843
COL,2021,8.99489350601276
COL,2022,8.973187405560665
COL,2023,8.884340588382964
COL,2024,8.73713929005823
ESP,2005,1.9489001246396906
ESP,2006,2.3641033041784025
ESP,2007,2.837136117388228
ESP,2008,3.3575547686005276
ESP,2009,3.9129791737210544
ESP,2010,4.489574488497789
ESP,2011,5.072615556120812
ESP,2012,5.647102707609602
ESP,2013,6.198393638261675
ESP,2014,6.712814899609587
ESP,2015,7.17821799239281
ESP,2016,7.584449002402557
ESP,2017,7.92370685583705
ESP,2018,8.190773070881715
ESP,2019,8.3831047013427
ESP,2020,8.500791287395874
ESP,2021,8.546385323019981
ESP,2022,8.524623354872524
ESP,2023,8.442060797815284
ESP,2024,8.306647507383975
TUR,2005,1.9078487417156351
TUR,2006,2.3526371996688553
TUR,2007,2.8622832198863994
TUR,2008,3.4255827063075683
TUR,2009,4.0291058986587736
TUR,2010,4.657720196904864
TUR,2011,5.295212352777374
TUR,2012,5.924974907626202
TUR,2013,6.530716926527758
TUR,2014,7.097157171345025
TUR,2015,7.6106590513589305
TUR,2016,8.059770896577547
TUR,2017,8.435641957019754
TUR,2018,8.732293450478931
TUR,2019,8.94673419692052
TUR,2020,9.078921026485979
TUR,2021,9.131574352397895
TUR,2022,9.109868251945802
TUR,2023,9.021021434768098
TUR,2024,8.873820136443365
UZB,2005,1.4357896722616088
UZB,2006,1.880578130214829
UZB,2007,2.390224150432373
UZB,2008,2.953523636853542
UZB,2009,3.5570468292047472
UZB,2010,4.185661127450838
UZB,2011,4.8231532833233475
UZB,2012,5.452915838172176
UZB,2013,6.058657857073731
UZB,2014,6.625098101890999
UZB,2015,7.138599981904904
UZB,2016,7.58771182712352
UZB,2017,7.963582887565729
UZB,2018,8.260234381024905
UZB,2019,8.474675127466494
UZB,2020,8.606861957031953
UZB,2021,8.659515282943868
UZB,2022,8.637809182491775
UZB,2023,8.548962365314072
UZB,2024,8.401761066989339
ECU,2005,1.4570508599951335
ECU,2006,1.9018393179483537
ECU,2007,2.411485338165898
ECU,2008,2.9747848245870667
ECU,2009,3.578308016938272
ECU,2010,4.206922315184363
ECU,2011,4.844414471056872
ECU,2012,5.474177025905701
ECU,2013,6.079919044807256
ECU,2014,6.646359289624524
ECU,2015,7.159861169638429
ECU,2016,7.608973014857045
ECU,2017,7.984844075299254
ECU,2018,8.281495568758428
ECU,2019,8.49593631520002
ECU,2020,8.628123144765478
ECU,2021,8.680776470677394
ECU,2022,8.6590703702253
ECU,2023,8.570223553047597
ECU,2024,8.423022254722863
THA,2005,1.9785250276130366
THA,2006,2.423313485566257
THA,2007,2.932959505783801
THA,2008,3.49625899220497
THA,2009,4.099782184556175
THA,2010,4.728396482802266
THA,2011,5.365888638674775
THA,2012,5.995651193523604
THA,2013,6.601393212425159
THA,2014,7.167833457242427
THA,2015,7.681335337256332
THA,2016,8.13044718247495
THA,2017,8.506318242917157
THA,2018,8.802969736376332
THA,2019,9.017410482817922
THA,2020,9.149597312383381
THA,2021,9.202250638295297
THA,2022,9.180544537843202
THA,2023,9.0916977206655
THA,2024,8.944496422340766
POR,2005,1.8785010538497993
POR,2006,2.285916637830458
POR,2007,2.749311926449014
POR,2008,3.258443254381156
POR,2009,3.8012068389227
POR,2010,4.36410943805469
POR,2011,4.932817598376937
POR,2012,5.4927548619233155
POR,2013,6.029712885274608
POR,2014,6.530441430977779
POR,2015,6.983183703182018
POR,2016,7.378127389911602
POR,2017,7.707747718754829
POR,2018,7.967026338241442
POR,2019,8.15353828869162
POR,2020,8.267408042927801
POR,2021,8.311143894325348
POR,2022,8.28936722038367
POR,2023,8.208458839958274
POR,2024,8.076148452147077
QAT,2005,1.8581436366779807
QAT,2006,2.302932094631201
QAT,2007,2.812578114848745
QAT,2008,3.375877601269914
QAT,2009,3.979400793621119
QAT,2010,4.60801509186721
QAT,2011,5.245507247739719
QAT,2012,5.875269802588548
QAT,2013,6.481011821490103
QAT,2014,7.047452066307371
QAT,2015,7.560953946321276
QAT,2016,8.010065791539892
QAT,2017,8.385936851982102
QAT,2018,8.682588345441275
QAT,2019,8.897029091882867
QAT,2020,9.029215921448325
QAT,2021,9.081869247360242
QAT,2022,9.060163146908145
QAT,2023,8.971316329730445
QAT,2024,8.82411503140571
IRQ,2005,2.0469869552870232
IRQ,2006,2.4917754132402434
IRQ,2007,3.0014214334577876
IRQ,2008,3.5647209198789565
IRQ,2009,4.168244112230162
IRQ,2010,4.796858410476252
IRQ,2011,5.434350566348762
IRQ,2012,6.0641131211975905
IRQ,2013,6.669855140099146
IRQ,2014,7.2362953849164136
IRQ,2015,7.749797264930319
IRQ,2016,8.198909110148936
IRQ,2017,8.574780170591144
IRQ,2018,8.871431664050318
IRQ,2019,9.085872410491909
IRQ,2020,9.218059240057368
IRQ,2021,9.270712565969284
IRQ,2022,9.249006465517189
IRQ,2023,9.160159648339487
IRQ,2024,9.012958350014753
DMA,2005,0.7875591431094549
DMA,2006,1.232347601062675
DMA,2007,1.7419936212802192
DMA,2008,2.305293107701388
DMA,2009,2.9088163000525933
DMA,2010,3.537430598298684
DMA,2011,4.1749227541711935
DMA,2012,4.804685309020022
DMA,2013,5.410427327921577
DMA,2014,5.976867572738845
DMA,2015,6.49036945275275
DMA,2016,6.9394812979713665
DMA,2017,7.315352358413575
DMA,2018,7.61200385187275
DMA,2019,7.826444598314341
DMA,2020,7.958631427879799
DMA,2021,8.011284753791715
DMA,2022,7.9895786533396205
DMA,2023,7.900731836161919
DMA,2024,7.753530537837185
GEO,2005,1.2144342708420979
GEO,2006,1.659222728795318
GEO,2007,2.168868749012862
GEO,2008,2.732168235434031
GEO,2009,3.3356914277852363
GEO,2010,3.964305726031327
GEO,2011,4.6017978819038365
GEO,2012,5.231560436752665
GEO,2013,5.83730245565422
GEO,2014,6.403742700471488
GEO,2015,6.917244580485393
GEO,2016,7.3663564257040095
GEO,2017,7.742227486146218
GEO,2018,8.038878979605393
GEO,2019,8.253319726046984
GEO,2020,8.38550655561244
GEO,2021,8.438159881524358
GEO,2022,8.416453781072263
GEO,2023,8.327606963894562
GEO,2024,8.180405665569829
MDA,2005,1.4450745868362231
MDA,2006,1.852490170816882
MDA,2007,2.315885459435438
MDA,2008,2.8250167873675798
MDA,2009,3.3677803719091237
MDA,2010,3.930682971041114
MDA,2011,4.499391131363361
MDA,2012,5.059328394909739
MDA,2013,5.596286418261032
MDA,2014,6.097014963964203
MDA,2015,6.549757236168442
MDA,2016,6.944700922898026
MDA,2017,7.274321251741253
MDA,2018,7.533599871227866
MDA,2019,7.720111821678043
MDA,2020,7.833981575914226
MDA,2021,7.877717427311772
MDA,2022,7.855940753370095
MDA,2023,7.775032372944699
MDA,2024,7.6427219851335
PER,2005,1.641971377483264
PER,2006,2.0867598354364842
PER,2007,2.5964058556540284
PER,2008,3.1597053420751973
PER,2009,3.7632285344264025
PER,2010,4.391842832672493
PER,2011,5.029334988545003
PER,2012,5.659097543393831
PER,2013,6.2648395622953865
PER,2014,6.831279807112654
PER,2015,7.344781687126559
PER,2016,7.793893532345176
PER,2017,8.169764592787384
PER,2018,8.466416086246559
PER,2019,8.68085683268815
PER,2020,8.813043662253609
PER,2021,8.865696988165524
PER,2022,8.84399088771343
PER,2023,8.755144070535728
PER,2024,8.607942772210993
NZL,2005,1.6290460023309254
NZL,2006,2.0738344602841456
NZL,2007,2.5834804805016898
NZL,2008,3.1467799669228587
NZL,2009,3.750303159274064
NZL,2010,4.378917457520155
NZL,2011,5.016409613392664
NZL,2012,5.646172168241493
NZL,2013,6.251914187143048
NZL,2014,6.818354431960316
NZL,2015,7.331856311974221
NZL,2016,7.780968157192837
NZL,2017,8.156839217635046
NZL,2018,8.45349071109422
NZL,2019,8.667931457535811
NZL,2020,8.80011828710127
NZL,2021,8.852771613013186
NZL,2022,8.831065512561091
NZL,2023,8.74221869538339
NZL,2024,8.595017397058655
LUX,2005,1.3196893028015602
LUX,2006,1.7644777607547804
LUX,2007,2.2741237809723245
LUX,2008,2.8374232673934934
LUX,2009,3.4409464597446986
LUX,2010,4.069560757990789
LUX,2011,4.707052913863299
LUX,2012,5.336815468712127
LUX,2013,5.942557487613683
LUX,2014,6.5089977324309505
LUX,2015,7.0224996124448555
LUX,2016,7.471611457663472
LUX,2017,7.84748251810568
LUX,2018,8.144134011564855
LUX,2019,8.358574758006446
LUX,2020,8.490761587571903
LUX,2021,8.54341491348382
LUX,2022,8.521708813031726
LUX,2023,8.432861995854024
LUX,2024,8.285660697529291
